"";"ID";"spec";"col";"tank";"tp";"treat";"conc";"necro_occured";"treatment";"necro_per"
"1";"Pve_A_1";"Pve";"A";"1";0;"control";0;"no";"control";0
"2";"Pve_A_1";"Pve";"A";"1";1;"control";0;"no";"control";0
"3";"Pve_A_1";"Pve";"A";"1";2;"control";0;"no";"control";0
"4";"Pve_A_1";"Pve";"A";"1";3;"control";0;"no";"control";0
"5";"Pve_A_10";"Pve";"A";"10";0;"100";100;"no";"D";0
"6";"Pve_A_10";"Pve";"A";"10";1;"100";100;"no";"D";0
"7";"Pve_A_10";"Pve";"A";"10";2;"100";100;"no";"D";0
"8";"Pve_A_10";"Pve";"A";"10";3;"100";100;"no";"D";0
"9";"Pve_A_11";"Pve";"A";"11";0;"control";0;"no";"control";0
"10";"Pve_A_11";"Pve";"A";"11";1;"control";0;"no";"control";0
"11";"Pve_A_11";"Pve";"A";"11";2;"control";0;"no";"control";0
"12";"Pve_A_11";"Pve";"A";"11";3;"control";0;"no";"control";0
"13";"Pve_A_12";"Pve";"A";"12";0;"0.1";0,1;"no";"A";0
"14";"Pve_A_12";"Pve";"A";"12";1;"0.1";0,1;"no";"A";0
"15";"Pve_A_12";"Pve";"A";"12";2;"0.1";0,1;"no";"A";0
"16";"Pve_A_12";"Pve";"A";"12";3;"0.1";0,1;"no";"A";0
"17";"Pve_A_13";"Pve";"A";"13";0;"1";1;"no";"B";0
"18";"Pve_A_13";"Pve";"A";"13";1;"1";1;"no";"B";0
"19";"Pve_A_13";"Pve";"A";"13";2;"1";1;"no";"B";0
"20";"Pve_A_13";"Pve";"A";"13";3;"1";1;"no";"B";0
"21";"Pve_A_14";"Pve";"A";"14";0;"10";10;"no";"C";0
"22";"Pve_A_14";"Pve";"A";"14";1;"10";10;"no";"C";0
"23";"Pve_A_14";"Pve";"A";"14";2;"10";10;"no";"C";0
"24";"Pve_A_14";"Pve";"A";"14";3;"10";10;"no";"C";0
"25";"Pve_A_15";"Pve";"A";"15";0;"100";100;"no";"D";0
"26";"Pve_A_15";"Pve";"A";"15";1;"100";100;"no";"D";0
"27";"Pve_A_15";"Pve";"A";"15";2;"100";100;"no";"D";0
"28";"Pve_A_15";"Pve";"A";"15";3;"100";100;"no";"D";0
"29";"Pve_A_2";"Pve";"A";"2";0;"0.1";0,1;"no";"A";0
"30";"Pve_A_2";"Pve";"A";"2";1;"0.1";0,1;"no";"A";0
"31";"Pve_A_2";"Pve";"A";"2";2;"0.1";0,1;"no";"A";0
"32";"Pve_A_2";"Pve";"A";"2";3;"0.1";0,1;"no";"A";0
"33";"Pve_A_3";"Pve";"A";"3";0;"1";1;"no";"B";0
"34";"Pve_A_3";"Pve";"A";"3";1;"1";1;"no";"B";0
"35";"Pve_A_3";"Pve";"A";"3";2;"1";1;"no";"B";0
"36";"Pve_A_3";"Pve";"A";"3";3;"1";1;"no";"B";0
"37";"Pve_A_4";"Pve";"A";"4";0;"10";10;"no";"C";0
"38";"Pve_A_4";"Pve";"A";"4";1;"10";10;"no";"C";0
"39";"Pve_A_4";"Pve";"A";"4";2;"10";10;"no";"C";0
"40";"Pve_A_4";"Pve";"A";"4";3;"10";10;"no";"C";0
"41";"Pve_A_5";"Pve";"A";"5";0;"100";100;"no";"D";0
"42";"Pve_A_5";"Pve";"A";"5";1;"100";100;"no";"D";0
"43";"Pve_A_5";"Pve";"A";"5";2;"100";100;"no";"D";0
"44";"Pve_A_5";"Pve";"A";"5";3;"100";100;"no";"D";0
"45";"Pve_A_6";"Pve";"A";"6";0;"control";0;"no";"control";0
"46";"Pve_A_6";"Pve";"A";"6";1;"control";0;"no";"control";0
"47";"Pve_A_6";"Pve";"A";"6";2;"control";0;"no";"control";0
"48";"Pve_A_6";"Pve";"A";"6";3;"control";0;"no";"control";0
"49";"Pve_A_7";"Pve";"A";"7";0;"0.1";0,1;"no";"A";0
"50";"Pve_A_7";"Pve";"A";"7";1;"0.1";0,1;"no";"A";0
"51";"Pve_A_7";"Pve";"A";"7";2;"0.1";0,1;"no";"A";0
"52";"Pve_A_7";"Pve";"A";"7";3;"0.1";0,1;"no";"A";0
"53";"Pve_A_8";"Pve";"A";"8";0;"1";1;"no";"B";0
"54";"Pve_A_8";"Pve";"A";"8";1;"1";1;"no";"B";0
"55";"Pve_A_8";"Pve";"A";"8";2;"1";1;"no";"B";0
"56";"Pve_A_8";"Pve";"A";"8";3;"1";1;"no";"B";0
"57";"Pve_A_9";"Pve";"A";"9";0;"10";10;"no";"C";0
"58";"Pve_A_9";"Pve";"A";"9";1;"10";10;"no";"C";0
"59";"Pve_A_9";"Pve";"A";"9";2;"10";10;"no";"C";0
"60";"Pve_A_9";"Pve";"A";"9";3;"10";10;"no";"C";0
"61";"Pve_B_1";"Pve";"B";"1";0;"control";0;"no";"control";0
"62";"Pve_B_1";"Pve";"B";"1";1;"control";0;"no";"control";0
"63";"Pve_B_1";"Pve";"B";"1";2;"control";0;"no";"control";0
"64";"Pve_B_1";"Pve";"B";"1";3;"control";0;"no";"control";0
"65";"Pve_B_10";"Pve";"B";"10";0;"100";100;"no";"D";0
"66";"Pve_B_10";"Pve";"B";"10";1;"100";100;"no";"D";0
"67";"Pve_B_10";"Pve";"B";"10";2;"100";100;"no";"D";0
"68";"Pve_B_10";"Pve";"B";"10";3;"100";100;"no";"D";0
"69";"Pve_B_11";"Pve";"B";"11";0;"control";0;"no";"control";0
"70";"Pve_B_11";"Pve";"B";"11";1;"control";0;"no";"control";0
"71";"Pve_B_11";"Pve";"B";"11";2;"control";0;"no";"control";0
"72";"Pve_B_11";"Pve";"B";"11";3;"control";0;"no";"control";0
"73";"Pve_B_12";"Pve";"B";"12";0;"0.1";0,1;"no";"A";0
"74";"Pve_B_12";"Pve";"B";"12";1;"0.1";0,1;"no";"A";0
"75";"Pve_B_12";"Pve";"B";"12";2;"0.1";0,1;"no";"A";0
"76";"Pve_B_12";"Pve";"B";"12";3;"0.1";0,1;"no";"A";0
"77";"Pve_B_13";"Pve";"B";"13";0;"1";1;"no";"B";0
"78";"Pve_B_13";"Pve";"B";"13";1;"1";1;"no";"B";0
"79";"Pve_B_13";"Pve";"B";"13";2;"1";1;"no";"B";0
"80";"Pve_B_13";"Pve";"B";"13";3;"1";1;"no";"B";0
"81";"Pve_B_14";"Pve";"B";"14";0;"10";10;"no";"C";0
"82";"Pve_B_14";"Pve";"B";"14";1;"10";10;"no";"C";0
"83";"Pve_B_14";"Pve";"B";"14";2;"10";10;"no";"C";0
"84";"Pve_B_14";"Pve";"B";"14";3;"10";10;"no";"C";0
"85";"Pve_B_15";"Pve";"B";"15";0;"100";100;"no";"D";0
"86";"Pve_B_15";"Pve";"B";"15";1;"100";100;"no";"D";0
"87";"Pve_B_15";"Pve";"B";"15";2;"100";100;"no";"D";0
"88";"Pve_B_15";"Pve";"B";"15";3;"100";100;"no";"D";0
"89";"Pve_B_2";"Pve";"B";"2";0;"0.1";0,1;"no";"A";0
"90";"Pve_B_2";"Pve";"B";"2";1;"0.1";0,1;"no";"A";0
"91";"Pve_B_2";"Pve";"B";"2";2;"0.1";0,1;"no";"A";0
"92";"Pve_B_2";"Pve";"B";"2";3;"0.1";0,1;"no";"A";0
"93";"Pve_B_3";"Pve";"B";"3";0;"1";1;"no";"B";0
"94";"Pve_B_3";"Pve";"B";"3";1;"1";1;"no";"B";0
"95";"Pve_B_3";"Pve";"B";"3";2;"1";1;"no";"B";0
"96";"Pve_B_3";"Pve";"B";"3";3;"1";1;"no";"B";0
"97";"Pve_B_4";"Pve";"B";"4";0;"10";10;"no";"C";0
"98";"Pve_B_4";"Pve";"B";"4";1;"10";10;"no";"C";0
"99";"Pve_B_4";"Pve";"B";"4";2;"10";10;"no";"C";0
"100";"Pve_B_4";"Pve";"B";"4";3;"10";10;"no";"C";0
"101";"Pve_B_5";"Pve";"B";"5";0;"100";100;"no";"D";0
"102";"Pve_B_5";"Pve";"B";"5";1;"100";100;"no";"D";0
"103";"Pve_B_5";"Pve";"B";"5";2;"100";100;"no";"D";0
"104";"Pve_B_5";"Pve";"B";"5";3;"100";100;"no";"D";0
"105";"Pve_B_6";"Pve";"B";"6";0;"control";0;"no";"control";0
"106";"Pve_B_6";"Pve";"B";"6";1;"control";0;"no";"control";0
"107";"Pve_B_6";"Pve";"B";"6";2;"control";0;"no";"control";0
"108";"Pve_B_6";"Pve";"B";"6";3;"control";0;"no";"control";0
"109";"Pve_B_7";"Pve";"B";"7";0;"0.1";0,1;"no";"A";0
"110";"Pve_B_7";"Pve";"B";"7";1;"0.1";0,1;"no";"A";0
"111";"Pve_B_7";"Pve";"B";"7";2;"0.1";0,1;"no";"A";0
"112";"Pve_B_7";"Pve";"B";"7";3;"0.1";0,1;"no";"A";0
"113";"Pve_B_8";"Pve";"B";"8";0;"1";1;"no";"B";0
"114";"Pve_B_8";"Pve";"B";"8";1;"1";1;"no";"B";0
"115";"Pve_B_8";"Pve";"B";"8";2;"1";1;"no";"B";0
"116";"Pve_B_8";"Pve";"B";"8";3;"1";1;"no";"B";0
"117";"Pve_B_9";"Pve";"B";"9";0;"10";10;"no";"C";0
"118";"Pve_B_9";"Pve";"B";"9";1;"10";10;"no";"C";0
"119";"Pve_B_9";"Pve";"B";"9";2;"10";10;"no";"C";0
"120";"Pve_B_9";"Pve";"B";"9";3;"10";10;"no";"C";0
"121";"Pve_C_1";"Pve";"C";"1";0;"control";0;"no";"control";0
"122";"Pve_C_1";"Pve";"C";"1";1;"control";0;"no";"control";0
"123";"Pve_C_1";"Pve";"C";"1";2;"control";0;"no";"control";0
"124";"Pve_C_1";"Pve";"C";"1";3;"control";0;"no";"control";0
"125";"Pve_C_10";"Pve";"C";"10";0;"100";100;"no";"D";0
"126";"Pve_C_10";"Pve";"C";"10";1;"100";100;"no";"D";0
"127";"Pve_C_10";"Pve";"C";"10";2;"100";100;"no";"D";0
"128";"Pve_C_10";"Pve";"C";"10";3;"100";100;"no";"D";0
"129";"Pve_C_11";"Pve";"C";"11";0;"control";0;"no";"control";0
"130";"Pve_C_11";"Pve";"C";"11";1;"control";0;"no";"control";0
"131";"Pve_C_11";"Pve";"C";"11";2;"control";0;"no";"control";0
"132";"Pve_C_11";"Pve";"C";"11";3;"control";0;"no";"control";0
"133";"Pve_C_12";"Pve";"C";"12";0;"0.1";0,1;"no";"A";0
"134";"Pve_C_12";"Pve";"C";"12";1;"0.1";0,1;"no";"A";0
"135";"Pve_C_12";"Pve";"C";"12";2;"0.1";0,1;"no";"A";0
"136";"Pve_C_12";"Pve";"C";"12";3;"0.1";0,1;"no";"A";0
"137";"Pve_C_13";"Pve";"C";"13";0;"1";1;"no";"B";0
"138";"Pve_C_13";"Pve";"C";"13";1;"1";1;"no";"B";0
"139";"Pve_C_13";"Pve";"C";"13";2;"1";1;"no";"B";0
"140";"Pve_C_13";"Pve";"C";"13";3;"1";1;"no";"B";0
"141";"Pve_C_14";"Pve";"C";"14";0;"10";10;"no";"C";0
"142";"Pve_C_14";"Pve";"C";"14";1;"10";10;"no";"C";0
"143";"Pve_C_14";"Pve";"C";"14";2;"10";10;"no";"C";0
"144";"Pve_C_14";"Pve";"C";"14";3;"10";10;"no";"C";0
"145";"Pve_C_15";"Pve";"C";"15";0;"100";100;"no";"D";0
"146";"Pve_C_15";"Pve";"C";"15";1;"100";100;"no";"D";0
"147";"Pve_C_15";"Pve";"C";"15";2;"100";100;"no";"D";0
"148";"Pve_C_15";"Pve";"C";"15";3;"100";100;"no";"D";0
"149";"Pve_C_2";"Pve";"C";"2";0;"0.1";0,1;"no";"A";0
"150";"Pve_C_2";"Pve";"C";"2";1;"0.1";0,1;"no";"A";0
"151";"Pve_C_2";"Pve";"C";"2";2;"0.1";0,1;"no";"A";0
"152";"Pve_C_2";"Pve";"C";"2";3;"0.1";0,1;"no";"A";0
"153";"Pve_C_3";"Pve";"C";"3";0;"1";1;"no";"B";0
"154";"Pve_C_3";"Pve";"C";"3";1;"1";1;"no";"B";0
"155";"Pve_C_3";"Pve";"C";"3";2;"1";1;"no";"B";0
"156";"Pve_C_3";"Pve";"C";"3";3;"1";1;"no";"B";0
"157";"Pve_C_4";"Pve";"C";"4";0;"10";10;"no";"C";0
"158";"Pve_C_4";"Pve";"C";"4";1;"10";10;"no";"C";0
"159";"Pve_C_4";"Pve";"C";"4";2;"10";10;"no";"C";0
"160";"Pve_C_4";"Pve";"C";"4";3;"10";10;"no";"C";0
"161";"Pve_C_5";"Pve";"C";"5";0;"100";100;"no";"D";0
"162";"Pve_C_5";"Pve";"C";"5";1;"100";100;"no";"D";0
"163";"Pve_C_5";"Pve";"C";"5";2;"100";100;"no";"D";0
"164";"Pve_C_5";"Pve";"C";"5";3;"100";100;"no";"D";0
"165";"Pve_C_6";"Pve";"C";"6";0;"control";0;"no";"control";0
"166";"Pve_C_6";"Pve";"C";"6";1;"control";0;"no";"control";0
"167";"Pve_C_6";"Pve";"C";"6";2;"control";0;"no";"control";0
"168";"Pve_C_6";"Pve";"C";"6";3;"control";0;"no";"control";0
"169";"Pve_C_7";"Pve";"C";"7";0;"0.1";0,1;"no";"A";0
"170";"Pve_C_7";"Pve";"C";"7";1;"0.1";0,1;"no";"A";0
"171";"Pve_C_7";"Pve";"C";"7";2;"0.1";0,1;"no";"A";0
"172";"Pve_C_7";"Pve";"C";"7";3;"0.1";0,1;"no";"A";0
"173";"Pve_C_8";"Pve";"C";"8";0;"1";1;"no";"B";0
"174";"Pve_C_8";"Pve";"C";"8";1;"1";1;"no";"B";0
"175";"Pve_C_8";"Pve";"C";"8";2;"1";1;"no";"B";0
"176";"Pve_C_8";"Pve";"C";"8";3;"1";1;"no";"B";0
"177";"Pve_C_9";"Pve";"C";"9";0;"10";10;"no";"C";0
"178";"Pve_C_9";"Pve";"C";"9";1;"10";10;"no";"C";0
"179";"Pve_C_9";"Pve";"C";"9";2;"10";10;"no";"C";0
"180";"Pve_C_9";"Pve";"C";"9";3;"10";10;"no";"C";0
"181";"Pve_D_1";"Pve";"D";"1";0;"control";0;"no";"control";0
"182";"Pve_D_1";"Pve";"D";"1";1;"control";0;"no";"control";0
"183";"Pve_D_1";"Pve";"D";"1";2;"control";0;"no";"control";0
"184";"Pve_D_1";"Pve";"D";"1";3;"control";0;"no";"control";0
"185";"Pve_D_10";"Pve";"D";"10";0;"100";100;"no";"D";0
"186";"Pve_D_10";"Pve";"D";"10";1;"100";100;"no";"D";0
"187";"Pve_D_10";"Pve";"D";"10";2;"100";100;"no";"D";0
"188";"Pve_D_10";"Pve";"D";"10";3;"100";100;"no";"D";0
"189";"Pve_D_11";"Pve";"D";"11";0;"control";0;"no";"control";0
"190";"Pve_D_11";"Pve";"D";"11";1;"control";0;"no";"control";0
"191";"Pve_D_11";"Pve";"D";"11";2;"control";0;"no";"control";0
"192";"Pve_D_11";"Pve";"D";"11";3;"control";0;"no";"control";0
"193";"Pve_D_12";"Pve";"D";"12";0;"0.1";0,1;"no";"A";0
"194";"Pve_D_12";"Pve";"D";"12";1;"0.1";0,1;"no";"A";0
"195";"Pve_D_12";"Pve";"D";"12";2;"0.1";0,1;"no";"A";0
"196";"Pve_D_12";"Pve";"D";"12";3;"0.1";0,1;"no";"A";0
"197";"Pve_D_13";"Pve";"D";"13";0;"1";1;"no";"B";0
"198";"Pve_D_13";"Pve";"D";"13";1;"1";1;"no";"B";0
"199";"Pve_D_13";"Pve";"D";"13";2;"1";1;"no";"B";0
"200";"Pve_D_13";"Pve";"D";"13";3;"1";1;"no";"B";0
"201";"Pve_D_14";"Pve";"D";"14";0;"10";10;"no";"C";0
"202";"Pve_D_14";"Pve";"D";"14";1;"10";10;"no";"C";0
"203";"Pve_D_14";"Pve";"D";"14";2;"10";10;"no";"C";0
"204";"Pve_D_14";"Pve";"D";"14";3;"10";10;"no";"C";0
"205";"Pve_D_15";"Pve";"D";"15";0;"100";100;"no";"D";0
"206";"Pve_D_15";"Pve";"D";"15";1;"100";100;"no";"D";0
"207";"Pve_D_15";"Pve";"D";"15";2;"100";100;"no";"D";0
"208";"Pve_D_15";"Pve";"D";"15";3;"100";100;"no";"D";0
"209";"Pve_D_2";"Pve";"D";"2";0;"0.1";0,1;"no";"A";0
"210";"Pve_D_2";"Pve";"D";"2";1;"0.1";0,1;"no";"A";0
"211";"Pve_D_2";"Pve";"D";"2";2;"0.1";0,1;"no";"A";0
"212";"Pve_D_2";"Pve";"D";"2";3;"0.1";0,1;"no";"A";0
"213";"Pve_D_3";"Pve";"D";"3";0;"1";1;"no";"B";0
"214";"Pve_D_3";"Pve";"D";"3";1;"1";1;"no";"B";0
"215";"Pve_D_3";"Pve";"D";"3";2;"1";1;"no";"B";0
"216";"Pve_D_3";"Pve";"D";"3";3;"1";1;"no";"B";0
"217";"Pve_D_4";"Pve";"D";"4";0;"10";10;"no";"C";0
"218";"Pve_D_4";"Pve";"D";"4";1;"10";10;"no";"C";0
"219";"Pve_D_4";"Pve";"D";"4";2;"10";10;"no";"C";0
"220";"Pve_D_4";"Pve";"D";"4";3;"10";10;"no";"C";0
"221";"Pve_D_5";"Pve";"D";"5";0;"100";100;"no";"D";0
"222";"Pve_D_5";"Pve";"D";"5";1;"100";100;"no";"D";0
"223";"Pve_D_5";"Pve";"D";"5";2;"100";100;"no";"D";0
"224";"Pve_D_5";"Pve";"D";"5";3;"100";100;"yes";"D";1,22628824233068
"225";"Pve_D_6";"Pve";"D";"6";0;"control";0;"no";"control";0
"226";"Pve_D_6";"Pve";"D";"6";1;"control";0;"no";"control";0
"227";"Pve_D_6";"Pve";"D";"6";2;"control";0;"no";"control";0
"228";"Pve_D_6";"Pve";"D";"6";3;"control";0;"no";"control";0
"229";"Pve_D_7";"Pve";"D";"7";0;"0.1";0,1;"no";"A";0
"230";"Pve_D_7";"Pve";"D";"7";1;"0.1";0,1;"no";"A";0
"231";"Pve_D_7";"Pve";"D";"7";2;"0.1";0,1;"no";"A";0
"232";"Pve_D_7";"Pve";"D";"7";3;"0.1";0,1;"no";"A";0
"233";"Pve_D_8";"Pve";"D";"8";0;"1";1;"no";"B";0
"234";"Pve_D_8";"Pve";"D";"8";1;"1";1;"no";"B";0
"235";"Pve_D_8";"Pve";"D";"8";2;"1";1;"no";"B";0
"236";"Pve_D_8";"Pve";"D";"8";3;"1";1;"no";"B";0
"237";"Pve_D_9";"Pve";"D";"9";0;"10";10;"no";"C";0
"238";"Pve_D_9";"Pve";"D";"9";1;"10";10;"no";"C";0
"239";"Pve_D_9";"Pve";"D";"9";2;"10";10;"no";"C";0
"240";"Pve_D_9";"Pve";"D";"9";3;"10";10;"no";"C";0
"241";"Pve_E_1";"Pve";"E";"1";0;"control";0;"no";"control";0
"242";"Pve_E_1";"Pve";"E";"1";1;"control";0;"no";"control";0
"243";"Pve_E_1";"Pve";"E";"1";2;"control";0;"no";"control";0
"244";"Pve_E_1";"Pve";"E";"1";3;"control";0;"no";"control";0
"245";"Pve_E_10";"Pve";"E";"10";0;"100";100;"no";"D";0
"246";"Pve_E_10";"Pve";"E";"10";1;"100";100;"no";"D";0
"247";"Pve_E_10";"Pve";"E";"10";2;"100";100;"no";"D";0
"248";"Pve_E_10";"Pve";"E";"10";3;"100";100;"no";"D";0
"249";"Pve_E_11";"Pve";"E";"11";0;"control";0;"no";"control";0
"250";"Pve_E_11";"Pve";"E";"11";1;"control";0;"no";"control";0
"251";"Pve_E_11";"Pve";"E";"11";2;"control";0;"no";"control";0
"252";"Pve_E_11";"Pve";"E";"11";3;"control";0;"yes";"control";19,8111514460257
"253";"Pve_E_12";"Pve";"E";"12";0;"0.1";0,1;"no";"A";0
"254";"Pve_E_12";"Pve";"E";"12";1;"0.1";0,1;"no";"A";0
"255";"Pve_E_12";"Pve";"E";"12";2;"0.1";0,1;"no";"A";0
"256";"Pve_E_12";"Pve";"E";"12";3;"0.1";0,1;"no";"A";0
"257";"Pve_E_13";"Pve";"E";"13";0;"1";1;"no";"B";0
"258";"Pve_E_13";"Pve";"E";"13";1;"1";1;"no";"B";0
"259";"Pve_E_13";"Pve";"E";"13";2;"1";1;"no";"B";0
"260";"Pve_E_13";"Pve";"E";"13";3;"1";1;"no";"B";0
"261";"Pve_E_14";"Pve";"E";"14";0;"10";10;"no";"C";0
"262";"Pve_E_14";"Pve";"E";"14";1;"10";10;"no";"C";0
"263";"Pve_E_14";"Pve";"E";"14";2;"10";10;"no";"C";0
"264";"Pve_E_14";"Pve";"E";"14";3;"10";10;"no";"C";0
"265";"Pve_E_15";"Pve";"E";"15";0;"100";100;"no";"D";0
"266";"Pve_E_15";"Pve";"E";"15";1;"100";100;"no";"D";0
"267";"Pve_E_15";"Pve";"E";"15";2;"100";100;"no";"D";0
"268";"Pve_E_15";"Pve";"E";"15";3;"100";100;"no";"D";0
"269";"Pve_E_2";"Pve";"E";"2";0;"0.1";0,1;"no";"A";0
"270";"Pve_E_2";"Pve";"E";"2";1;"0.1";0,1;"no";"A";0
"271";"Pve_E_2";"Pve";"E";"2";2;"0.1";0,1;"no";"A";0
"272";"Pve_E_2";"Pve";"E";"2";3;"0.1";0,1;"no";"A";0
"273";"Pve_E_3";"Pve";"E";"3";0;"1";1;"no";"B";0
"274";"Pve_E_3";"Pve";"E";"3";1;"1";1;"no";"B";0
"275";"Pve_E_3";"Pve";"E";"3";2;"1";1;"no";"B";0
"276";"Pve_E_3";"Pve";"E";"3";3;"1";1;"no";"B";0
"277";"Pve_E_4";"Pve";"E";"4";0;"10";10;"no";"C";0
"278";"Pve_E_4";"Pve";"E";"4";1;"10";10;"no";"C";0
"279";"Pve_E_4";"Pve";"E";"4";2;"10";10;"no";"C";0
"280";"Pve_E_4";"Pve";"E";"4";3;"10";10;"no";"C";0
"281";"Pve_E_5";"Pve";"E";"5";0;"100";100;"no";"D";0
"282";"Pve_E_5";"Pve";"E";"5";1;"100";100;"no";"D";0
"283";"Pve_E_5";"Pve";"E";"5";2;"100";100;"no";"D";0
"284";"Pve_E_5";"Pve";"E";"5";3;"100";100;"no";"D";0
"285";"Pve_E_6";"Pve";"E";"6";0;"control";0;"no";"control";0
"286";"Pve_E_6";"Pve";"E";"6";1;"control";0;"no";"control";0
"287";"Pve_E_6";"Pve";"E";"6";2;"control";0;"no";"control";0
"288";"Pve_E_6";"Pve";"E";"6";3;"control";0;"no";"control";0
"289";"Pve_E_7";"Pve";"E";"7";0;"0.1";0,1;"no";"A";0
"290";"Pve_E_7";"Pve";"E";"7";1;"0.1";0,1;"no";"A";0
"291";"Pve_E_7";"Pve";"E";"7";2;"0.1";0,1;"no";"A";0
"292";"Pve_E_7";"Pve";"E";"7";3;"0.1";0,1;"no";"A";0
"293";"Pve_E_8";"Pve";"E";"8";0;"1";1;"no";"B";0
"294";"Pve_E_8";"Pve";"E";"8";1;"1";1;"no";"B";0
"295";"Pve_E_8";"Pve";"E";"8";2;"1";1;"no";"B";0
"296";"Pve_E_8";"Pve";"E";"8";3;"1";1;"no";"B";0
"297";"Pve_E_9";"Pve";"E";"9";0;"10";10;"no";"C";0
"298";"Pve_E_9";"Pve";"E";"9";1;"10";10;"no";"C";0
"299";"Pve_E_9";"Pve";"E";"9";2;"10";10;"no";"C";0
"300";"Pve_E_9";"Pve";"E";"9";3;"10";10;"no";"C";0
"301";"Pve_F_1";"Pve";"F";"1";0;"control";0;"no";"control";0
"302";"Pve_F_1";"Pve";"F";"1";1;"control";0;"no";"control";0
"303";"Pve_F_1";"Pve";"F";"1";2;"control";0;"no";"control";0
"304";"Pve_F_1";"Pve";"F";"1";3;"control";0;"no";"control";0
"305";"Pve_F_10";"Pve";"F";"10";0;"100";100;"no";"D";0
"306";"Pve_F_10";"Pve";"F";"10";1;"100";100;"no";"D";0
"307";"Pve_F_10";"Pve";"F";"10";2;"100";100;"yes";"D";2,08277486713179
"308";"Pve_F_10";"Pve";"F";"10";3;"100";100;"yes";"D";4,71879412578755
"309";"Pve_F_11";"Pve";"F";"11";0;"control";0;"no";"control";0
"310";"Pve_F_11";"Pve";"F";"11";1;"control";0;"no";"control";0
"311";"Pve_F_11";"Pve";"F";"11";2;"control";0;"yes";"control";16,2779938113977
"312";"Pve_F_11";"Pve";"F";"11";3;"control";0;"yes";"control";19,4601665332795
"313";"Pve_F_12";"Pve";"F";"12";0;"0.1";0,1;"no";"A";0
"314";"Pve_F_12";"Pve";"F";"12";1;"0.1";0,1;"no";"A";0
"315";"Pve_F_12";"Pve";"F";"12";2;"0.1";0,1;"no";"A";0
"316";"Pve_F_12";"Pve";"F";"12";3;"0.1";0,1;"no";"A";0
"317";"Pve_F_13";"Pve";"F";"13";0;"1";1;"no";"B";0
"318";"Pve_F_13";"Pve";"F";"13";1;"1";1;"yes";"B";9,9486222606863
"319";"Pve_F_13";"Pve";"F";"13";2;"1";1;"yes";"B";5,61880781252978
"320";"Pve_F_13";"Pve";"F";"13";3;"1";1;"yes";"B";7,1120499031162
"321";"Pve_F_14";"Pve";"F";"14";0;"10";10;"no";"C";0
"322";"Pve_F_14";"Pve";"F";"14";1;"10";10;"yes";"C";37,863284599662
"323";"Pve_F_14";"Pve";"F";"14";2;"10";10;"yes";"C";35,5941479453971
"324";"Pve_F_14";"Pve";"F";"14";3;"10";10;"yes";"C";33,3137556540874
"325";"Pve_F_15";"Pve";"F";"15";0;"100";100;"no";"D";0
"326";"Pve_F_15";"Pve";"F";"15";1;"100";100;"yes";"D";22,5653817629039
"327";"Pve_F_15";"Pve";"F";"15";2;"100";100;"no";"D";0
"328";"Pve_F_15";"Pve";"F";"15";3;"100";100;"yes";"D";42,0322238175889
"329";"Pve_F_2";"Pve";"F";"2";0;"0.1";0,1;"no";"A";0
"330";"Pve_F_2";"Pve";"F";"2";1;"0.1";0,1;"no";"A";0
"331";"Pve_F_2";"Pve";"F";"2";2;"0.1";0,1;"yes";"A";4,91357704827134
"332";"Pve_F_2";"Pve";"F";"2";3;"0.1";0,1;"yes";"A";12,2482805059296
"333";"Pve_F_3";"Pve";"F";"3";0;"1";1;"no";"B";0
"334";"Pve_F_3";"Pve";"F";"3";1;"1";1;"yes";"B";7,28776886375049
"335";"Pve_F_3";"Pve";"F";"3";2;"1";1;"yes";"B";8,02292873051859
"336";"Pve_F_3";"Pve";"F";"3";3;"1";1;"yes";"B";5,34573659573334
"337";"Pve_F_4";"Pve";"F";"4";0;"10";10;"no";"C";0
"338";"Pve_F_4";"Pve";"F";"4";1;"10";10;"no";"C";0
"339";"Pve_F_4";"Pve";"F";"4";2;"10";10;"yes";"C";1,16401088678986
"340";"Pve_F_4";"Pve";"F";"4";3;"10";10;"no";"C";0
"341";"Pve_F_5";"Pve";"F";"5";0;"100";100;"no";"D";0
"342";"Pve_F_5";"Pve";"F";"5";1;"100";100;"no";"D";0
"343";"Pve_F_5";"Pve";"F";"5";2;"100";100;"no";"D";0
"344";"Pve_F_5";"Pve";"F";"5";3;"100";100;"no";"D";0
"345";"Pve_F_6";"Pve";"F";"6";0;"control";0;"no";"control";0
"346";"Pve_F_6";"Pve";"F";"6";1;"control";0;"no";"control";0
"347";"Pve_F_6";"Pve";"F";"6";2;"control";0;"no";"control";0
"348";"Pve_F_6";"Pve";"F";"6";3;"control";0;"no";"control";0
"349";"Pve_F_7";"Pve";"F";"7";0;"0.1";0,1;"no";"A";0
"350";"Pve_F_7";"Pve";"F";"7";1;"0.1";0,1;"no";"A";0
"351";"Pve_F_7";"Pve";"F";"7";2;"0.1";0,1;"no";"A";0
"352";"Pve_F_7";"Pve";"F";"7";3;"0.1";0,1;"no";"A";0
"353";"Pve_F_8";"Pve";"F";"8";0;"1";1;"no";"B";0
"354";"Pve_F_8";"Pve";"F";"8";1;"1";1;"no";"B";0
"355";"Pve_F_8";"Pve";"F";"8";2;"1";1;"no";"B";0
"356";"Pve_F_8";"Pve";"F";"8";3;"1";1;"yes";"B";1,47701441444358
"357";"Pve_F_9";"Pve";"F";"9";0;"10";10;"no";"C";0
"358";"Pve_F_9";"Pve";"F";"9";1;"10";10;"no";"C";0
"359";"Pve_F_9";"Pve";"F";"9";2;"10";10;"no";"C";0
"360";"Pve_F_9";"Pve";"F";"9";3;"10";10;"no";"C";0
"361";"Spi_A_1";"Spi";"A";"1";0;"control";0;"no";"control";0
"362";"Spi_A_1";"Spi";"A";"1";1;"control";0;"no";"control";0
"363";"Spi_A_1";"Spi";"A";"1";2;"control";0;"no";"control";0
"364";"Spi_A_1";"Spi";"A";"1";3;"control";0;"no";"control";0
"365";"Spi_A_10";"Spi";"A";"10";0;"100";100;"no";"D";0
"366";"Spi_A_10";"Spi";"A";"10";1;"100";100;"no";"D";0
"367";"Spi_A_10";"Spi";"A";"10";2;"100";100;"no";"D";0
"368";"Spi_A_10";"Spi";"A";"10";3;"100";100;"no";"D";0
"369";"Spi_A_11";"Spi";"A";"11";0;"control";0;"no";"control";0
"370";"Spi_A_11";"Spi";"A";"11";1;"control";0;"no";"control";0
"371";"Spi_A_11";"Spi";"A";"11";2;"control";0;"no";"control";0
"372";"Spi_A_11";"Spi";"A";"11";3;"control";0;"no";"control";0
"373";"Spi_A_12";"Spi";"A";"12";0;"0.1";0,1;"no";"A";0
"374";"Spi_A_12";"Spi";"A";"12";1;"0.1";0,1;"no";"A";0
"375";"Spi_A_12";"Spi";"A";"12";2;"0.1";0,1;"no";"A";0
"376";"Spi_A_12";"Spi";"A";"12";3;"0.1";0,1;"no";"A";0
"377";"Spi_A_13";"Spi";"A";"13";0;"1";1;"no";"B";0
"378";"Spi_A_13";"Spi";"A";"13";1;"1";1;"no";"B";0
"379";"Spi_A_13";"Spi";"A";"13";2;"1";1;"no";"B";0
"380";"Spi_A_13";"Spi";"A";"13";3;"1";1;"no";"B";0
"381";"Spi_A_14";"Spi";"A";"14";0;"10";10;"no";"C";0
"382";"Spi_A_14";"Spi";"A";"14";1;"10";10;"no";"C";0
"383";"Spi_A_14";"Spi";"A";"14";2;"10";10;"no";"C";0
"384";"Spi_A_14";"Spi";"A";"14";3;"10";10;"no";"C";0
"385";"Spi_A_15";"Spi";"A";"15";0;"100";100;"no";"D";0
"386";"Spi_A_15";"Spi";"A";"15";1;"100";100;"no";"D";0
"387";"Spi_A_15";"Spi";"A";"15";2;"100";100;"no";"D";0
"388";"Spi_A_15";"Spi";"A";"15";3;"100";100;"no";"D";0
"389";"Spi_A_2";"Spi";"A";"2";0;"0.1";0,1;"no";"A";0
"390";"Spi_A_2";"Spi";"A";"2";1;"0.1";0,1;"no";"A";0
"391";"Spi_A_2";"Spi";"A";"2";2;"0.1";0,1;"no";"A";0
"392";"Spi_A_2";"Spi";"A";"2";3;"0.1";0,1;"no";"A";0
"393";"Spi_A_3";"Spi";"A";"3";0;"1";1;"no";"B";0
"394";"Spi_A_3";"Spi";"A";"3";1;"1";1;"no";"B";0
"395";"Spi_A_3";"Spi";"A";"3";2;"1";1;"no";"B";0
"396";"Spi_A_3";"Spi";"A";"3";3;"1";1;"no";"B";0
"397";"Spi_A_4";"Spi";"A";"4";0;"10";10;"no";"C";0
"398";"Spi_A_4";"Spi";"A";"4";1;"10";10;"no";"C";0
"399";"Spi_A_4";"Spi";"A";"4";2;"10";10;"no";"C";0
"400";"Spi_A_4";"Spi";"A";"4";3;"10";10;"no";"C";0
"401";"Spi_A_5";"Spi";"A";"5";0;"100";100;"no";"D";0
"402";"Spi_A_5";"Spi";"A";"5";1;"100";100;"no";"D";0
"403";"Spi_A_5";"Spi";"A";"5";2;"100";100;"no";"D";0
"404";"Spi_A_5";"Spi";"A";"5";3;"100";100;"no";"D";0
"405";"Spi_A_6";"Spi";"A";"6";0;"control";0;"no";"control";0
"406";"Spi_A_6";"Spi";"A";"6";1;"control";0;"no";"control";0
"407";"Spi_A_6";"Spi";"A";"6";2;"control";0;"no";"control";0
"408";"Spi_A_6";"Spi";"A";"6";3;"control";0;"no";"control";0
"409";"Spi_A_7";"Spi";"A";"7";0;"0.1";0,1;"no";"A";0
"410";"Spi_A_7";"Spi";"A";"7";1;"0.1";0,1;"no";"A";0
"411";"Spi_A_7";"Spi";"A";"7";2;"0.1";0,1;"no";"A";0
"412";"Spi_A_7";"Spi";"A";"7";3;"0.1";0,1;"no";"A";0
"413";"Spi_A_8";"Spi";"A";"8";0;"1";1;"no";"B";0
"414";"Spi_A_8";"Spi";"A";"8";1;"1";1;"no";"B";0
"415";"Spi_A_8";"Spi";"A";"8";2;"1";1;"no";"B";0
"416";"Spi_A_8";"Spi";"A";"8";3;"1";1;"no";"B";0
"417";"Spi_A_9";"Spi";"A";"9";0;"10";10;"no";"C";0
"418";"Spi_A_9";"Spi";"A";"9";1;"10";10;"no";"C";0
"419";"Spi_A_9";"Spi";"A";"9";2;"10";10;"no";"C";0
"420";"Spi_A_9";"Spi";"A";"9";3;"10";10;"no";"C";0
"421";"Spi_B_1";"Spi";"B";"1";0;"control";0;"no";"control";0
"422";"Spi_B_1";"Spi";"B";"1";1;"control";0;"no";"control";0
"423";"Spi_B_1";"Spi";"B";"1";2;"control";0;"no";"control";0
"424";"Spi_B_1";"Spi";"B";"1";3;"control";0;"no";"control";0
"425";"Spi_B_10";"Spi";"B";"10";0;"100";100;"no";"D";0
"426";"Spi_B_10";"Spi";"B";"10";1;"100";100;"no";"D";0
"427";"Spi_B_10";"Spi";"B";"10";2;"100";100;"no";"D";0
"428";"Spi_B_10";"Spi";"B";"10";3;"100";100;"no";"D";0
"429";"Spi_B_11";"Spi";"B";"11";0;"control";0;"no";"control";0
"430";"Spi_B_11";"Spi";"B";"11";1;"control";0;"yes";"control";23,0986682524003
"431";"Spi_B_11";"Spi";"B";"11";2;"control";0;"yes";"control";43,7499805374448
"432";"Spi_B_11";"Spi";"B";"11";3;"control";0;"yes";"control";45,1077695685512
"433";"Spi_B_12";"Spi";"B";"12";0;"0.1";0,1;"no";"A";0
"434";"Spi_B_12";"Spi";"B";"12";1;"0.1";0,1;"no";"A";0
"435";"Spi_B_12";"Spi";"B";"12";2;"0.1";0,1;"no";"A";0
"436";"Spi_B_12";"Spi";"B";"12";3;"0.1";0,1;"no";"A";0
"437";"Spi_B_13";"Spi";"B";"13";0;"1";1;"no";"B";0
"438";"Spi_B_13";"Spi";"B";"13";1;"1";1;"no";"B";0
"439";"Spi_B_13";"Spi";"B";"13";2;"1";1;"no";"B";0
"440";"Spi_B_13";"Spi";"B";"13";3;"1";1;"no";"B";0
"441";"Spi_B_14";"Spi";"B";"14";0;"10";10;"no";"C";0
"442";"Spi_B_14";"Spi";"B";"14";1;"10";10;"yes";"C";3,4437064630381
"443";"Spi_B_14";"Spi";"B";"14";2;"10";10;"no";"C";0
"444";"Spi_B_14";"Spi";"B";"14";3;"10";10;"no";"C";0
"445";"Spi_B_15";"Spi";"B";"15";0;"100";100;"no";"D";0
"446";"Spi_B_15";"Spi";"B";"15";1;"100";100;"no";"D";0
"447";"Spi_B_15";"Spi";"B";"15";2;"100";100;"no";"D";0
"448";"Spi_B_15";"Spi";"B";"15";3;"100";100;"no";"D";0
"449";"Spi_B_2";"Spi";"B";"2";0;"0.1";0,1;"no";"A";0
"450";"Spi_B_2";"Spi";"B";"2";1;"0.1";0,1;"no";"A";0
"451";"Spi_B_2";"Spi";"B";"2";2;"0.1";0,1;"no";"A";0
"452";"Spi_B_2";"Spi";"B";"2";3;"0.1";0,1;"no";"A";0
"453";"Spi_B_3";"Spi";"B";"3";0;"1";1;"no";"B";0
"454";"Spi_B_3";"Spi";"B";"3";1;"1";1;"no";"B";0
"455";"Spi_B_3";"Spi";"B";"3";2;"1";1;"no";"B";0
"456";"Spi_B_3";"Spi";"B";"3";3;"1";1;"no";"B";0
"457";"Spi_B_4";"Spi";"B";"4";0;"10";10;"no";"C";0
"458";"Spi_B_4";"Spi";"B";"4";1;"10";10;"no";"C";0
"459";"Spi_B_4";"Spi";"B";"4";2;"10";10;"no";"C";0
"460";"Spi_B_4";"Spi";"B";"4";3;"10";10;"no";"C";0
"461";"Spi_B_5";"Spi";"B";"5";0;"100";100;"no";"D";0
"462";"Spi_B_5";"Spi";"B";"5";1;"100";100;"no";"D";0
"463";"Spi_B_5";"Spi";"B";"5";2;"100";100;"yes";"D";3,81287115595743
"464";"Spi_B_5";"Spi";"B";"5";3;"100";100;"no";"D";0
"465";"Spi_B_6";"Spi";"B";"6";0;"control";0;"no";"control";0
"466";"Spi_B_6";"Spi";"B";"6";1;"control";0;"no";"control";0
"467";"Spi_B_6";"Spi";"B";"6";2;"control";0;"no";"control";0
"468";"Spi_B_6";"Spi";"B";"6";3;"control";0;"no";"control";0
"469";"Spi_B_7";"Spi";"B";"7";0;"0.1";0,1;"no";"A";0
"470";"Spi_B_7";"Spi";"B";"7";1;"0.1";0,1;"no";"A";0
"471";"Spi_B_7";"Spi";"B";"7";2;"0.1";0,1;"no";"A";0
"472";"Spi_B_7";"Spi";"B";"7";3;"0.1";0,1;"no";"A";0
"473";"Spi_B_8";"Spi";"B";"8";0;"1";1;"no";"B";0
"474";"Spi_B_8";"Spi";"B";"8";1;"1";1;"no";"B";0
"475";"Spi_B_8";"Spi";"B";"8";2;"1";1;"yes";"B";13,7118700731629
"476";"Spi_B_8";"Spi";"B";"8";3;"1";1;"yes";"B";7,61701352483265
"477";"Spi_B_9";"Spi";"B";"9";0;"10";10;"no";"C";0
"478";"Spi_B_9";"Spi";"B";"9";1;"10";10;"no";"C";0
"479";"Spi_B_9";"Spi";"B";"9";2;"10";10;"yes";"C";4,45706475877898
"480";"Spi_B_9";"Spi";"B";"9";3;"10";10;"yes";"C";1,10481132428928
"481";"Spi_C_1";"Spi";"C";"1";0;"control";0;"no";"control";0
"482";"Spi_C_1";"Spi";"C";"1";1;"control";0;"no";"control";0
"483";"Spi_C_1";"Spi";"C";"1";2;"control";0;"no";"control";0
"484";"Spi_C_1";"Spi";"C";"1";3;"control";0;"no";"control";0
"485";"Spi_C_10";"Spi";"C";"10";0;"100";100;"no";"D";0
"486";"Spi_C_10";"Spi";"C";"10";1;"100";100;"no";"D";0
"487";"Spi_C_10";"Spi";"C";"10";2;"100";100;"no";"D";0
"488";"Spi_C_10";"Spi";"C";"10";3;"100";100;"no";"D";0
"489";"Spi_C_11";"Spi";"C";"11";0;"control";0;"no";"control";0
"490";"Spi_C_11";"Spi";"C";"11";1;"control";0;"no";"control";0
"491";"Spi_C_11";"Spi";"C";"11";2;"control";0;"no";"control";0
"492";"Spi_C_11";"Spi";"C";"11";3;"control";0;"no";"control";0
"493";"Spi_C_12";"Spi";"C";"12";0;"0.1";0,1;"no";"A";0
"494";"Spi_C_12";"Spi";"C";"12";1;"0.1";0,1;"no";"A";0
"495";"Spi_C_12";"Spi";"C";"12";2;"0.1";0,1;"no";"A";0
"496";"Spi_C_12";"Spi";"C";"12";3;"0.1";0,1;"no";"A";0
"497";"Spi_C_13";"Spi";"C";"13";0;"1";1;"no";"B";0
"498";"Spi_C_13";"Spi";"C";"13";1;"1";1;"no";"B";0
"499";"Spi_C_13";"Spi";"C";"13";2;"1";1;"no";"B";0
"500";"Spi_C_13";"Spi";"C";"13";3;"1";1;"no";"B";0
"501";"Spi_C_14";"Spi";"C";"14";0;"10";10;"no";"C";0
"502";"Spi_C_14";"Spi";"C";"14";1;"10";10;"no";"C";0
"503";"Spi_C_14";"Spi";"C";"14";2;"10";10;"no";"C";0
"504";"Spi_C_14";"Spi";"C";"14";3;"10";10;"no";"C";0
"505";"Spi_C_15";"Spi";"C";"15";0;"100";100;"no";"D";0
"506";"Spi_C_15";"Spi";"C";"15";1;"100";100;"no";"D";0
"507";"Spi_C_15";"Spi";"C";"15";2;"100";100;"no";"D";0
"508";"Spi_C_15";"Spi";"C";"15";3;"100";100;"no";"D";0
"509";"Spi_C_2";"Spi";"C";"2";0;"0.1";0,1;"no";"A";0
"510";"Spi_C_2";"Spi";"C";"2";1;"0.1";0,1;"no";"A";0
"511";"Spi_C_2";"Spi";"C";"2";2;"0.1";0,1;"no";"A";0
"512";"Spi_C_2";"Spi";"C";"2";3;"0.1";0,1;"no";"A";0
"513";"Spi_C_3";"Spi";"C";"3";0;"1";1;"no";"B";0
"514";"Spi_C_3";"Spi";"C";"3";1;"1";1;"no";"B";0
"515";"Spi_C_3";"Spi";"C";"3";2;"1";1;"no";"B";0
"516";"Spi_C_3";"Spi";"C";"3";3;"1";1;"no";"B";0
"517";"Spi_C_4";"Spi";"C";"4";0;"10";10;"no";"C";0
"518";"Spi_C_4";"Spi";"C";"4";1;"10";10;"no";"C";0
"519";"Spi_C_4";"Spi";"C";"4";2;"10";10;"no";"C";0
"520";"Spi_C_4";"Spi";"C";"4";3;"10";10;"no";"C";0
"521";"Spi_C_5";"Spi";"C";"5";0;"100";100;"no";"D";0
"522";"Spi_C_5";"Spi";"C";"5";1;"100";100;"no";"D";0
"523";"Spi_C_5";"Spi";"C";"5";2;"100";100;"no";"D";0
"524";"Spi_C_5";"Spi";"C";"5";3;"100";100;"no";"D";0
"525";"Spi_C_6";"Spi";"C";"6";0;"control";0;"no";"control";0
"526";"Spi_C_6";"Spi";"C";"6";1;"control";0;"no";"control";0
"527";"Spi_C_6";"Spi";"C";"6";2;"control";0;"no";"control";0
"528";"Spi_C_6";"Spi";"C";"6";3;"control";0;"no";"control";0
"529";"Spi_C_7";"Spi";"C";"7";0;"0.1";0,1;"no";"A";0
"530";"Spi_C_7";"Spi";"C";"7";1;"0.1";0,1;"no";"A";0
"531";"Spi_C_7";"Spi";"C";"7";2;"0.1";0,1;"no";"A";0
"532";"Spi_C_7";"Spi";"C";"7";3;"0.1";0,1;"no";"A";0
"533";"Spi_C_8";"Spi";"C";"8";0;"1";1;"no";"B";0
"534";"Spi_C_8";"Spi";"C";"8";1;"1";1;"no";"B";0
"535";"Spi_C_8";"Spi";"C";"8";2;"1";1;"no";"B";0
"536";"Spi_C_8";"Spi";"C";"8";3;"1";1;"no";"B";0
"537";"Spi_C_9";"Spi";"C";"9";0;"10";10;"no";"C";0
"538";"Spi_C_9";"Spi";"C";"9";1;"10";10;"no";"C";0
"539";"Spi_C_9";"Spi";"C";"9";2;"10";10;"no";"C";0
"540";"Spi_C_9";"Spi";"C";"9";3;"10";10;"no";"C";0
"541";"Spi_D_1";"Spi";"D";"1";0;"control";0;"no";"control";0
"542";"Spi_D_1";"Spi";"D";"1";1;"control";0;"no";"control";0
"543";"Spi_D_1";"Spi";"D";"1";2;"control";0;"no";"control";0
"544";"Spi_D_1";"Spi";"D";"1";3;"control";0;"no";"control";0
"545";"Spi_D_10";"Spi";"D";"10";0;"100";100;"no";"D";0
"546";"Spi_D_10";"Spi";"D";"10";1;"100";100;"yes";"D";25,2596056165947
"547";"Spi_D_10";"Spi";"D";"10";2;"100";100;"yes";"D";51,4710065585588
"548";"Spi_D_10";"Spi";"D";"10";3;"100";100;"yes";"D";73,551997978019
"549";"Spi_D_11";"Spi";"D";"11";0;"control";0;"no";"control";0
"550";"Spi_D_11";"Spi";"D";"11";1;"control";0;"no";"control";0
"551";"Spi_D_11";"Spi";"D";"11";2;"control";0;"no";"control";0
"552";"Spi_D_11";"Spi";"D";"11";3;"control";0;"no";"control";0
"553";"Spi_D_12";"Spi";"D";"12";0;"0.1";0,1;"no";"A";0
"554";"Spi_D_12";"Spi";"D";"12";1;"0.1";0,1;"no";"A";0
"555";"Spi_D_12";"Spi";"D";"12";2;"0.1";0,1;"no";"A";0
"556";"Spi_D_12";"Spi";"D";"12";3;"0.1";0,1;"no";"A";0
"557";"Spi_D_13";"Spi";"D";"13";0;"1";1;"no";"B";0
"558";"Spi_D_13";"Spi";"D";"13";1;"1";1;"yes";"B";15,2054327779056
"559";"Spi_D_13";"Spi";"D";"13";2;"1";1;"yes";"B";9,77101634068547
"560";"Spi_D_13";"Spi";"D";"13";3;"1";1;"yes";"B";20,2086209920475
"561";"Spi_D_14";"Spi";"D";"14";0;"10";10;"no";"C";0
"562";"Spi_D_14";"Spi";"D";"14";1;"10";10;"yes";"C";18,6052581014628
"563";"Spi_D_14";"Spi";"D";"14";2;"10";10;"yes";"C";8,29153742674464
"564";"Spi_D_14";"Spi";"D";"14";3;"10";10;"yes";"C";4,50450495787812
"565";"Spi_D_15";"Spi";"D";"15";0;"100";100;"no";"D";0
"566";"Spi_D_15";"Spi";"D";"15";1;"100";100;"yes";"D";20,844145862701
"567";"Spi_D_15";"Spi";"D";"15";2;"100";100;"yes";"D";33,041553162921
"568";"Spi_D_15";"Spi";"D";"15";3;"100";100;"yes";"D";40,5576234903313
"569";"Spi_D_2";"Spi";"D";"2";0;"0.1";0,1;"no";"A";0
"570";"Spi_D_2";"Spi";"D";"2";1;"0.1";0,1;"no";"A";0
"571";"Spi_D_2";"Spi";"D";"2";2;"0.1";0,1;"yes";"A";22,7007741794454
"572";"Spi_D_2";"Spi";"D";"2";3;"0.1";0,1;"yes";"A";15,4118651140212
"573";"Spi_D_3";"Spi";"D";"3";0;"1";1;"no";"B";0
"574";"Spi_D_3";"Spi";"D";"3";1;"1";1;"no";"B";0
"575";"Spi_D_3";"Spi";"D";"3";2;"1";1;"yes";"B";37,9356021718082
"576";"Spi_D_3";"Spi";"D";"3";3;"1";1;"yes";"B";60,8837055745437
"577";"Spi_D_4";"Spi";"D";"4";0;"10";10;"no";"C";0
"578";"Spi_D_4";"Spi";"D";"4";1;"10";10;"yes";"C";21,3386391350923
"579";"Spi_D_4";"Spi";"D";"4";2;"10";10;"yes";"C";16,7455925223177
"580";"Spi_D_4";"Spi";"D";"4";3;"10";10;"yes";"C";8,25354634754079
"581";"Spi_D_5";"Spi";"D";"5";0;"100";100;"no";"D";0
"582";"Spi_D_5";"Spi";"D";"5";1;"100";100;"yes";"D";20,3315188541855
"583";"Spi_D_5";"Spi";"D";"5";2;"100";100;"yes";"D";30,4723339406588
"584";"Spi_D_5";"Spi";"D";"5";3;"100";100;"yes";"D";40,8385347762011
"585";"Spi_D_6";"Spi";"D";"6";0;"control";0;"no";"control";0
"586";"Spi_D_6";"Spi";"D";"6";1;"control";0;"no";"control";0
"587";"Spi_D_6";"Spi";"D";"6";2;"control";0;"yes";"control";6,51664646901076
"588";"Spi_D_6";"Spi";"D";"6";3;"control";0;"no";"control";0
"589";"Spi_D_7";"Spi";"D";"7";0;"0.1";0,1;"no";"A";0
"590";"Spi_D_7";"Spi";"D";"7";1;"0.1";0,1;"no";"A";0
"591";"Spi_D_7";"Spi";"D";"7";2;"0.1";0,1;"yes";"A";46,1723155707886
"592";"Spi_D_7";"Spi";"D";"7";3;"0.1";0,1;"yes";"A";64,5128390908516
"593";"Spi_D_8";"Spi";"D";"8";0;"1";1;"no";"B";0
"594";"Spi_D_8";"Spi";"D";"8";1;"1";1;"no";"B";0
"595";"Spi_D_8";"Spi";"D";"8";2;"1";1;"no";"B";0
"596";"Spi_D_8";"Spi";"D";"8";3;"1";1;"no";"B";0
"597";"Spi_D_9";"Spi";"D";"9";0;"10";10;"no";"C";0
"598";"Spi_D_9";"Spi";"D";"9";1;"10";10;"no";"C";0
"599";"Spi_D_9";"Spi";"D";"9";2;"10";10;"yes";"C";1,98178168248886
"600";"Spi_D_9";"Spi";"D";"9";3;"10";10;"yes";"C";0,940841307310383
"601";"Spi_E_1";"Spi";"E";"1";0;"control";0;"no";"control";0
"602";"Spi_E_1";"Spi";"E";"1";1;"control";0;"no";"control";0
"603";"Spi_E_1";"Spi";"E";"1";2;"control";0;"no";"control";0
"604";"Spi_E_1";"Spi";"E";"1";3;"control";0;"no";"control";0
"605";"Spi_E_10";"Spi";"E";"10";0;"100";100;"no";"D";0
"606";"Spi_E_10";"Spi";"E";"10";1;"100";100;"no";"D";0
"607";"Spi_E_10";"Spi";"E";"10";2;"100";100;"yes";"D";1,96662448839862
"608";"Spi_E_10";"Spi";"E";"10";3;"100";100;"yes";"D";2,34106518825254
"609";"Spi_E_11";"Spi";"E";"11";0;"control";0;"no";"control";0
"610";"Spi_E_11";"Spi";"E";"11";1;"control";0;"no";"control";0
"611";"Spi_E_11";"Spi";"E";"11";2;"control";0;"no";"control";0
"612";"Spi_E_11";"Spi";"E";"11";3;"control";0;"no";"control";0
"613";"Spi_E_12";"Spi";"E";"12";0;"0.1";0,1;"no";"A";0
"614";"Spi_E_12";"Spi";"E";"12";1;"0.1";0,1;"no";"A";0
"615";"Spi_E_12";"Spi";"E";"12";2;"0.1";0,1;"no";"A";0
"616";"Spi_E_12";"Spi";"E";"12";3;"0.1";0,1;"yes";"A";0,88309332433542
"617";"Spi_E_13";"Spi";"E";"13";0;"1";1;"no";"B";0
"618";"Spi_E_13";"Spi";"E";"13";1;"1";1;"yes";"B";2,94284243656123
"619";"Spi_E_13";"Spi";"E";"13";2;"1";1;"no";"B";0
"620";"Spi_E_13";"Spi";"E";"13";3;"1";1;"no";"B";0
"621";"Spi_E_14";"Spi";"E";"14";0;"10";10;"no";"C";0
"622";"Spi_E_14";"Spi";"E";"14";1;"10";10;"no";"C";0
"623";"Spi_E_14";"Spi";"E";"14";2;"10";10;"no";"C";0
"624";"Spi_E_14";"Spi";"E";"14";3;"10";10;"no";"C";0
"625";"Spi_E_15";"Spi";"E";"15";0;"100";100;"no";"D";0
"626";"Spi_E_15";"Spi";"E";"15";1;"100";100;"yes";"D";2,40929275479228
"627";"Spi_E_15";"Spi";"E";"15";2;"100";100;"no";"D";0
"628";"Spi_E_15";"Spi";"E";"15";3;"100";100;"no";"D";0
"629";"Spi_E_2";"Spi";"E";"2";0;"0.1";0,1;"no";"A";0
"630";"Spi_E_2";"Spi";"E";"2";1;"0.1";0,1;"no";"A";0
"631";"Spi_E_2";"Spi";"E";"2";2;"0.1";0,1;"no";"A";0
"632";"Spi_E_2";"Spi";"E";"2";3;"0.1";0,1;"no";"A";0
"633";"Spi_E_3";"Spi";"E";"3";0;"1";1;"no";"B";0
"634";"Spi_E_3";"Spi";"E";"3";1;"1";1;"no";"B";0
"635";"Spi_E_3";"Spi";"E";"3";2;"1";1;"no";"B";0
"636";"Spi_E_3";"Spi";"E";"3";3;"1";1;"no";"B";0
"637";"Spi_E_4";"Spi";"E";"4";0;"10";10;"no";"C";0
"638";"Spi_E_4";"Spi";"E";"4";1;"10";10;"no";"C";0
"639";"Spi_E_4";"Spi";"E";"4";2;"10";10;"no";"C";0
"640";"Spi_E_4";"Spi";"E";"4";3;"10";10;"no";"C";0
"641";"Spi_E_5";"Spi";"E";"5";0;"100";100;"no";"D";0
"642";"Spi_E_5";"Spi";"E";"5";1;"100";100;"no";"D";0
"643";"Spi_E_5";"Spi";"E";"5";2;"100";100;"no";"D";0
"644";"Spi_E_5";"Spi";"E";"5";3;"100";100;"yes";"D";3,02756990409626
"645";"Spi_E_6";"Spi";"E";"6";0;"control";0;"no";"control";0
"646";"Spi_E_6";"Spi";"E";"6";1;"control";0;"no";"control";0
"647";"Spi_E_6";"Spi";"E";"6";2;"control";0;"no";"control";0
"648";"Spi_E_6";"Spi";"E";"6";3;"control";0;"no";"control";0
"649";"Spi_E_7";"Spi";"E";"7";0;"0.1";0,1;"no";"A";0
"650";"Spi_E_7";"Spi";"E";"7";1;"0.1";0,1;"no";"A";0
"651";"Spi_E_7";"Spi";"E";"7";2;"0.1";0,1;"no";"A";0
"652";"Spi_E_7";"Spi";"E";"7";3;"0.1";0,1;"no";"A";0
"653";"Spi_E_8";"Spi";"E";"8";0;"1";1;"no";"B";0
"654";"Spi_E_8";"Spi";"E";"8";1;"1";1;"no";"B";0
"655";"Spi_E_8";"Spi";"E";"8";2;"1";1;"no";"B";0
"656";"Spi_E_8";"Spi";"E";"8";3;"1";1;"no";"B";0
"657";"Spi_E_9";"Spi";"E";"9";0;"10";10;"no";"C";0
"658";"Spi_E_9";"Spi";"E";"9";1;"10";10;"no";"C";0
"659";"Spi_E_9";"Spi";"E";"9";2;"10";10;"no";"C";0
"660";"Spi_E_9";"Spi";"E";"9";3;"10";10;"no";"C";0
"661";"Spi_F_1";"Spi";"F";"1";0;"control";0;"no";"control";0
"662";"Spi_F_1";"Spi";"F";"1";1;"control";0;"no";"control";0
"663";"Spi_F_1";"Spi";"F";"1";2;"control";0;"no";"control";0
"664";"Spi_F_1";"Spi";"F";"1";3;"control";0;"no";"control";0
"665";"Spi_F_10";"Spi";"F";"10";0;"100";100;"no";"D";0
"666";"Spi_F_10";"Spi";"F";"10";1;"100";100;"no";"D";0
"667";"Spi_F_10";"Spi";"F";"10";2;"100";100;"no";"D";0
"668";"Spi_F_10";"Spi";"F";"10";3;"100";100;"no";"D";0
"669";"Spi_F_11";"Spi";"F";"11";0;"control";0;"no";"control";0
"670";"Spi_F_11";"Spi";"F";"11";1;"control";0;"no";"control";0
"671";"Spi_F_11";"Spi";"F";"11";2;"control";0;"no";"control";0
"672";"Spi_F_11";"Spi";"F";"11";3;"control";0;"no";"control";0
"673";"Spi_F_12";"Spi";"F";"12";0;"0.1";0,1;"no";"A";0
"674";"Spi_F_12";"Spi";"F";"12";1;"0.1";0,1;"no";"A";0
"675";"Spi_F_12";"Spi";"F";"12";2;"0.1";0,1;"no";"A";0
"676";"Spi_F_12";"Spi";"F";"12";3;"0.1";0,1;"no";"A";0
"677";"Spi_F_13";"Spi";"F";"13";0;"1";1;"no";"B";0
"678";"Spi_F_13";"Spi";"F";"13";1;"1";1;"yes";"B";4,53763688104898
"679";"Spi_F_13";"Spi";"F";"13";2;"1";1;"yes";"B";7,46793367520741
"680";"Spi_F_13";"Spi";"F";"13";3;"1";1;"no";"B";0
"681";"Spi_F_14";"Spi";"F";"14";0;"10";10;"no";"C";0
"682";"Spi_F_14";"Spi";"F";"14";1;"10";10;"no";"C";0
"683";"Spi_F_14";"Spi";"F";"14";2;"10";10;"no";"C";0
"684";"Spi_F_14";"Spi";"F";"14";3;"10";10;"no";"C";0
"685";"Spi_F_15";"Spi";"F";"15";0;"100";100;"no";"D";0
"686";"Spi_F_15";"Spi";"F";"15";1;"100";100;"no";"D";0
"687";"Spi_F_15";"Spi";"F";"15";2;"100";100;"no";"D";0
"688";"Spi_F_15";"Spi";"F";"15";3;"100";100;"yes";"D";5,81520791873514
"689";"Spi_F_2";"Spi";"F";"2";0;"0.1";0,1;"no";"A";0
"690";"Spi_F_2";"Spi";"F";"2";1;"0.1";0,1;"no";"A";0
"691";"Spi_F_2";"Spi";"F";"2";2;"0.1";0,1;"no";"A";0
"692";"Spi_F_2";"Spi";"F";"2";3;"0.1";0,1;"no";"A";0
"693";"Spi_F_3";"Spi";"F";"3";0;"1";1;"no";"B";0
"694";"Spi_F_3";"Spi";"F";"3";1;"1";1;"no";"B";0
"695";"Spi_F_3";"Spi";"F";"3";2;"1";1;"no";"B";0
"696";"Spi_F_3";"Spi";"F";"3";3;"1";1;"no";"B";0
"697";"Spi_F_4";"Spi";"F";"4";0;"10";10;"no";"C";0
"698";"Spi_F_4";"Spi";"F";"4";1;"10";10;"no";"C";0
"699";"Spi_F_4";"Spi";"F";"4";2;"10";10;"no";"C";0
"700";"Spi_F_4";"Spi";"F";"4";3;"10";10;"no";"C";0
"701";"Spi_F_5";"Spi";"F";"5";0;"100";100;"no";"D";0
"702";"Spi_F_5";"Spi";"F";"5";1;"100";100;"no";"D";0
"703";"Spi_F_5";"Spi";"F";"5";2;"100";100;"no";"D";0
"704";"Spi_F_5";"Spi";"F";"5";3;"100";100;"no";"D";0
"705";"Spi_F_6";"Spi";"F";"6";0;"control";0;"no";"control";0
"706";"Spi_F_6";"Spi";"F";"6";1;"control";0;"no";"control";0
"707";"Spi_F_6";"Spi";"F";"6";2;"control";0;"no";"control";0
"708";"Spi_F_6";"Spi";"F";"6";3;"control";0;"no";"control";0
"709";"Spi_F_7";"Spi";"F";"7";0;"0.1";0,1;"no";"A";0
"710";"Spi_F_7";"Spi";"F";"7";1;"0.1";0,1;"no";"A";0
"711";"Spi_F_7";"Spi";"F";"7";2;"0.1";0,1;"no";"A";0
"712";"Spi_F_7";"Spi";"F";"7";3;"0.1";0,1;"no";"A";0
"713";"Spi_F_8";"Spi";"F";"8";0;"1";1;"no";"B";0
"714";"Spi_F_8";"Spi";"F";"8";1;"1";1;"no";"B";0
"715";"Spi_F_8";"Spi";"F";"8";2;"1";1;"no";"B";0
"716";"Spi_F_8";"Spi";"F";"8";3;"1";1;"no";"B";0
"717";"Spi_F_9";"Spi";"F";"9";0;"10";10;"no";"C";0
"718";"Spi_F_9";"Spi";"F";"9";1;"10";10;"no";"C";0
"719";"Spi_F_9";"Spi";"F";"9";2;"10";10;"no";"C";0
"720";"Spi_F_9";"Spi";"F";"9";3;"10";10;"no";"C";0
